dataset,model,selection_method,n_features,accuracy,f1_weighted,f1_macro,auc_roc,fpr_macro,far_overall,train_time_s,inference_ms_per_sample_mean
nsl-kdd,DNN,Full,122,0.785486160397445,0.7559802631980687,0.5665580351724991,0.8998976906805215,0.07151148421759991,0.05362845990063875,14.7997305393219,0.0012739953423896173
nsl-kdd,CNN,Full,122,0.7613555713271823,0.7317329288088553,0.5536895911948307,0.9414828838582304,0.07742884602223554,0.0596611071682044,187.39736342430115,0.18591267295080477
nsl-kdd,RF,Full,122,0.7464513839602555,0.710420884220673,0.5397706771792949,0.9629324579795571,0.08720994179616491,0.06338715400993612,0.6898117065429688,0.00045377626848257377
nsl-kdd,SVM,Full,122,0.7708037615330021,0.7461170679952597,0.5705122678490422,0.8630776972634907,0.07636722281708547,0.05729905961674947,5.334635257720947,0.004916815711490834
nsl-kdd,DNN,Chi-Squared,24,0.7641057487579844,0.7416735030488829,0.5704923595688299,0.8221183045955988,0.07982505016473726,0.0589735628105039,14.062274932861328,0.0012930406227115378
nsl-kdd,CNN,Chi-Squared,24,0.731458481192335,0.7102700539699588,0.5552355600359199,0.8946767935122364,0.0905891837552087,0.06713537970191626,324.19709753990173,0.05130004376340269
nsl-kdd,RF,Chi-Squared,24,0.7624201561391057,0.7401958545906749,0.5648331698398268,0.9323488001246127,0.08103926962013844,0.059394960965223564,0.39175844192504883,8.982273792165364e-05
nsl-kdd,SVM,Chi-Squared,24,0.74361249112846,0.7230538094589779,0.5652940862453496,0.83108693510301,0.08545820809492796,0.06409687721788503,3.690974473953247,0.004628951951898437
nsl-kdd,DNN,PCA,24,0.7636621717530163,0.7380996559966968,0.5590841265396004,0.8866767312125107,0.07943914623582975,0.05908445706174592,18.801557540893555,0.0013434113557463695
nsl-kdd,CNN,PCA,24,0.7378459900638751,0.7153817618627907,0.5606440679818946,0.9212118606941176,0.08701430343983602,0.06553850248403123,247.86174607276917,0.051477660920825896
nsl-kdd,RF,PCA,24,0.7254258339247693,0.7088574561749532,0.5583859421657678,0.9197067706789296,0.09353610977146358,0.06864354151880767,0.39402270317077637,9.176976571820948e-05
nsl-kdd,SVM,PCA,24,0.7511976579134138,0.7319723456478271,0.5668946098480216,0.8393586912115657,0.08043127795117595,0.062200585521646555,3.822957992553711,0.0050180809172817205
nsl-kdd,DNN,Spearman,24,0.7480926188786373,0.7204128103311276,0.5439180168515289,0.883675110422222,0.08563851281871765,0.06297684528034067,22.81296467781067,0.0010297323902257133
nsl-kdd,CNN,Spearman,24,0.717264017033357,0.6850128926069473,0.5229702783482056,0.9061840977582952,0.09591444157953163,0.07068399574166075,339.20428109169006,0.0513025122603466
nsl-kdd,RF,Spearman,24,0.7457416607523066,0.704964313739264,0.5301868343382772,0.9575428477963457,0.08697068273846895,0.06356458481192336,0.38567447662353516,8.821192327033327e-05
nsl-kdd,SVM,Spearman,24,0.715888928317956,0.6964570496412692,0.5144436472339866,0.8246476624745912,0.09251702889000415,0.071027767920511,4.0055060386657715,0.005494167316978304
nsl-kdd,DNN,InfoGain,24,0.7341643009226402,0.6892843341009558,0.484290026217693,0.892484770343515,0.08817325475970739,0.06645892476933996,29.800857067108154,0.0014783949787241675
nsl-kdd,CNN,InfoGain,24,0.7414833215046132,0.7077915491938135,0.5106408282845979,0.9441234201188095,0.08509331143288737,0.0646291696238467,327.99641847610474,0.052048949307911915
nsl-kdd,RF,InfoGain,24,0.747028034066714,0.7078593133882001,0.512766161378915,0.9557392900493278,0.08573688211802225,0.0632429914833215,0.3917958736419678,9.644504976229157e-05
nsl-kdd,SVM,InfoGain,24,0.7187278211497516,0.6862849789588398,0.49861435043824703,0.8354889849984193,0.09339112687494325,0.0703180447125621,4.158933162689209,0.006083278237891638
nsl-kdd,DNN,SHAP-DNN,18,0.7210787792760823,0.6827797982615823,0.48785610463315665,0.8829385684350622,0.09208807221906021,0.06973030518097942,18.64655828475952,0.0015016668384246637
nsl-kdd,CNN,SHAP-DNN,18,0.7705376153300213,0.73750653212853,0.533856752927302,0.937471377137441,0.07279451868639039,0.057365596167494676,118.86969232559204,0.05270468804113224
nsl-kdd,RF,SHAP-DNN,18,0.7049769339957417,0.6713742304204737,0.48204782480680164,0.9452294227753419,0.09859934581470198,0.07375576650106458,0.3873026371002197,6.790452443461996e-05
nsl-kdd,SVM,SHAP-DNN,18,0.7143364088005678,0.6809134347916027,0.48332259102281006,0.8333978655384555,0.09256742821302097,0.07141589779985806,3.872965097427368,0.005569681653682818
nsl-kdd,DNN,LIME-DNN,90,0.7675656493967353,0.7420247914163154,0.5608610681654322,0.8821055385314642,0.07510551375499239,0.05810858765081618,17.188796281814575,0.001472009811978984
nsl-kdd,CNN,LIME-DNN,90,0.7109652235628106,0.6861586172664459,0.5116874297665277,0.8674790647467007,0.09451846967213365,0.07225869410929738,208.7293779850006,0.1821106951826284
nsl-kdd,RF,LIME-DNN,90,0.7591376863023421,0.7317893483542983,0.5727051219371965,0.952609859146083,0.0813675518044085,0.06021557842441448,0.5615603923797607,0.00040171135544054464
nsl-kdd,SVM,LIME-DNN,90,0.7557665010645848,0.7333795891131746,0.5438671745244859,0.8787783477492472,0.07863835143119395,0.061058374733853796,5.00758695602417,0.00637704931674569
nsl-kdd,DNN,IG-DNN,14,0.7181068133427964,0.6945845548452338,0.5146310258610826,0.896167215731698,0.09418721991930151,0.07047329666430092,19.46442198753357,0.001384542113183206
nsl-kdd,CNN,IG-DNN,14,0.72986160397445,0.7085382145390714,0.5369890583991762,0.9205528226354426,0.09024228792516607,0.0675345990063875,316.0563702583313,0.051117838884005784
nsl-kdd,RF,IG-DNN,14,0.7134936124911284,0.6887080324356538,0.5144604230854407,0.934463211140711,0.09655737824119005,0.07162659687721788,0.37801408767700195,6.354362127360226e-05
nsl-kdd,SVM,IG-DNN,14,0.7267122072391767,0.7103738794980642,0.5421774929563064,0.8101060500709923,0.08945068758448697,0.06832194819020582,3.8881218433380127,0.005416355455811303
nsl-kdd,DNN,DeepLIFT-DNN,16,0.7428584102200142,0.714432244733097,0.5234267733450844,0.9047300968643013,0.08553502035918628,0.06428539744499645,19.927834033966064,0.0014924977644258414
nsl-kdd,CNN,DeepLIFT-DNN,16,0.7212118523775728,0.6993022812859953,0.5231225430786778,0.9277477348129771,0.09326431914766212,0.06969703690560682,153.18878650665283,0.051756454329390564
nsl-kdd,RF,DeepLIFT-DNN,16,0.7135823278921221,0.6856101991616125,0.505019512784346,0.9376617296401405,0.09697236982440668,0.07160441802696949,0.40862035751342773,6.127806067643713e-05
nsl-kdd,SVM,DeepLIFT-DNN,16,0.7235184528034067,0.6968976624320985,0.5177665042533287,0.8003874536885983,0.09153528154360015,0.06912038679914834,3.7246830463409424,0.005311765223628131
nsl-kdd,DNN,SHAP-RF,18,0.7347409510290986,0.6970654284847647,0.5020478346300041,0.8990944085368285,0.08818095754172658,0.06631476224272534,16.5664541721344,0.0015161241570380952
nsl-kdd,CNN,SHAP-RF,18,0.7441891412349184,0.7159521748887708,0.5350507548359237,0.9381227679044648,0.08577411093335259,0.06395271469127041,312.72635102272034,0.052015256715597924
nsl-kdd,RF,SHAP-RF,18,0.728264726756565,0.6990559808269263,0.5196404858585322,0.9453291623263201,0.09182766427464376,0.06793381831085876,0.40665411949157715,6.140809092093807e-05
nsl-kdd,SVM,SHAP-RF,18,0.7201916252661462,0.6914474386127101,0.5117321409737137,0.843807039697914,0.0928528307265395,0.06995209368346345,3.7388110160827637,0.004532676783223941
nsl-kdd,DNN,LIME-RF,90,0.7326561391057488,0.7013054329342745,0.5161223705717716,0.8490201549145203,0.08819140002614108,0.0668359652235628,26.101276874542236,0.002022717051102717
nsl-kdd,CNN,LIME-RF,90,0.7163768630234209,0.6856607484340276,0.506648982493287,0.8658803878955025,0.0951139718277093,0.07090578424414479,192.37132596969604,0.18204270708834683
nsl-kdd,RF,LIME-RF,90,0.7382895670688432,0.7060464098743139,0.5418799352260247,0.9306414572227576,0.0899465035195953,0.06542760823278922,0.5599167346954346,0.0003002965757905471
nsl-kdd,SVM,LIME-RF,90,0.747693399574166,0.727418970957742,0.5548788728794671,0.812169711167929,0.08386690457767107,0.06307665010645848,4.815408706665039,0.005414450665232713
nsl-kdd,DNN,PA-SHAP-DNN,24,0.7654808374733854,0.7404006719931775,0.5538443764607763,0.9013674094455651,0.07932412934828123,0.058629790631653654,15.412577629089355,0.0009037437988172508
nsl-kdd,CNN,PA-SHAP-DNN,24,0.7484918381831086,0.7268724189253619,0.5495451347303554,0.9368725356834823,0.08404407466927862,0.06287704045422285,241.43661379814148,0.05212474937015514
nsl-kdd,RF,PA-SHAP-DNN,24,0.7365596167494677,0.7081863377815465,0.5216215609703362,0.9483419429507753,0.08994484474282087,0.06586009581263308,0.4139885902404785,8.673278912196281e-05
nsl-kdd,SVM,PA-SHAP-DNN,24,0.7575408090844571,0.7391787410171335,0.5524417894248667,0.8593622542090213,0.07827762557698437,0.060614797728885735,4.000556468963623,0.005530589167726826
nsl-kdd,DNN,PA-LIME-DNN,15,0.6878105039034776,0.6433974852072797,0.43905389028441694,0.8698247855418734,0.10039023902164809,0.07804737402413059,17.265949726104736,0.0016469711317832637
nsl-kdd,CNN,PA-LIME-DNN,15,0.69388750887154,0.6517963666353402,0.44908483718783165,0.8997010536239077,0.09771613367061455,0.07652812278211497,131.1148476600647,0.05285201084095418
nsl-kdd,RF,PA-LIME-DNN,15,0.747471611071682,0.7033540140330411,0.5030044638155939,0.941505298475894,0.08386561929905721,0.06313209723207949,0.41699910163879395,6.247653457128084e-05
nsl-kdd,SVM,PA-LIME-DNN,15,0.375,0.38193395536120817,0.2983089966596452,0.7588337400579379,0.15187914124249685,0.15625,4.781797170639038,0.008290465596146688
nsl-kdd,DNN,PA-SHAP-RF,20,0.7236071682044003,0.6863402415183764,0.49621772708722567,0.821848066494632,0.09093872984326379,0.06909820794889993,32.46132826805115,0.001502319819085831
nsl-kdd,CNN,PA-SHAP-RF,20,0.7111870120652946,0.6792845365477476,0.4974419987988144,0.9100580645226088,0.09400177607759899,0.07220324698367636,212.82488465309143,0.05183687451188723
nsl-kdd,RF,PA-SHAP-RF,20,0.7585166784953868,0.7152670487746715,0.5032436871561111,0.9479929499353714,0.08141102373410083,0.0603708303761533,0.40842366218566895,7.897059963207203e-05
nsl-kdd,SVM,PA-SHAP-RF,20,0.7102111426543648,0.6818293811232583,0.5070530402598308,0.7788949426851594,0.09398409360948269,0.0724472143364088,4.117020130157471,0.005712175337178252
nsl-kdd,DNN,PA-LIME-RF,12,0.7185947480482612,0.689182372941184,0.5211160452126048,0.9082569933874355,0.09388909230535787,0.0703513129879347,33.17361807823181,0.0016070246452776645
nsl-kdd,CNN,PA-LIME-RF,12,0.7118080198722498,0.6856569426149497,0.4875728136414928,0.9141695704305713,0.09060753826326236,0.07204799503193754,252.79247188568115,0.050997367938369884
nsl-kdd,RF,PA-LIME-RF,12,0.7543026969481902,0.7161499327404032,0.5155040453017098,0.9648564082341283,0.08063764852812892,0.061424325762952446,0.39980173110961914,5.9752377569356524e-05
nsl-kdd,SVM,PA-LIME-RF,12,0.6792051100070973,0.6565649662866894,0.5093822889871702,0.825072802266552,0.10300072742680588,0.0801987224982257,4.1680028438568115,0.006332697045677929
nsl-kdd,DNN,PA-IG-DNN,13,0.7193488289567069,0.6992975680118243,0.5166732112934315,0.8862371789245944,0.09324892764108754,0.07016279276082328,14.471175909042358,0.0014023309971266287
nsl-kdd,CNN,PA-IG-DNN,13,0.7197036905606813,0.6964594961310926,0.5086706372555654,0.9265869351933121,0.0923448510938409,0.07007407735982966,169.20958352088928,0.05048176825759759
nsl-kdd,RF,PA-IG-DNN,13,0.7130943931866572,0.6896717121678573,0.5106172180648466,0.9407253887665611,0.09660723835375737,0.0717264017033357,0.3979685306549072,5.90553762027422e-05
nsl-kdd,SVM,PA-IG-DNN,13,0.7095014194464159,0.6841988770388168,0.49781018829768026,0.8307880967694188,0.09582480661032305,0.07262464513839603,4.063127040863037,0.00545121760150871
nsl-kdd,DNN,PA-DeepLIFT-DNN,13,0.7452980837473385,0.7203543808007036,0.5248492456313913,0.8850203476819251,0.08541037585656006,0.06367547906316537,18.621734380722046,0.0012779146292634957
nsl-kdd,CNN,PA-DeepLIFT-DNN,13,0.737180624556423,0.7136115637373789,0.5250007197324389,0.9471828395440843,0.08853881839583214,0.06570484386089426,316.45583295822144,0.05035251823096927
nsl-kdd,RF,PA-DeepLIFT-DNN,13,0.7413502484031228,0.7178166399197485,0.5317622437221508,0.9580322969670032,0.08718096910099526,0.0646624378992193,0.4018535614013672,5.812226742958964e-05
nsl-kdd,SVM,PA-DeepLIFT-DNN,13,0.7272001419446416,0.6975422942105084,0.5005041825773829,0.8571792961528901,0.08997922367899681,0.0681999645138396,3.8288159370422363,0.0053889809704677025
cic-ids-2017,DNN,Full,79,0.9850001883153311,0.9848376152597779,0.7296804231621843,0.9991710491901727,0.003970210780561513,0.0010714151203334965,75.48796796798706,0.0008860949434355168
cic-ids-2017,CNN,Full,79,0.9768193738812583,0.9774991487204593,0.6989677591299048,0.9985919422386482,0.0023229964179865238,0.0016557590084815526,1329.617359638214,0.18293924527417177
cic-ids-2017,RF,Full,79,0.9958332755172229,0.9953685490370487,0.7676551686679057,0.9998333631654791,0.001342546776536276,0.00029762317734121973,5.526561260223389,0.00010749138446618143
cic-ids-2017,SVM,Full,79,0.9179361432623748,0.9309414448392004,0.5977569431187447,0.9731310253682327,0.01363797704577093,0.005861704052687515,200.96584630012512,0.03120589746171022
cic-ids-2017,DNN,Chi-Squared,15,0.9738915660501156,0.9745221579949109,0.7064167446689497,0.9978801062100177,0.004515722383778667,0.0018648881392774525,188.54525351524353,0.000704175063089732
cic-ids-2017,CNN,Chi-Squared,15,0.9608462692750652,0.9572436453859606,0.5919808832970629,0.9924017793940118,0.012259922644616929,0.0027966950517810526,1437.8287417888641,0.04815945031389416
cic-ids-2017,RF,Chi-Squared,15,0.9889191294677813,0.9882330402076377,0.6933582288644449,0.9989461564982854,0.0032180400635058223,0.0007914907523013407,3.8151702880859375,4.570606909805086e-05
cic-ids-2017,SVM,Chi-Squared,15,0.5746412592943527,0.675048322667079,0.4387036732652201,0.9333246454595557,0.034840191564232535,0.03038276719326052,151.44511485099792,0.032197879786231835
cic-ids-2017,DNN,PCA,15,0.978381399995639,0.9793651112756211,0.6958825082500838,0.99823476586928,0.002915334010576718,0.0015441857145972134,224.3819179534912,0.0008152448218165362
cic-ids-2017,CNN,PCA,15,0.9766845797495605,0.9776236903060539,0.6902071854563016,0.9982103681632926,0.0034578676283411134,0.0016653871607456834,2543.4679915905,0.047730532482812824
cic-ids-2017,RF,PCA,15,0.9908181409114065,0.9898785224863909,0.6918884770884635,0.9995617571905331,0.0032083567619810086,0.0006558470777566745,3.335197925567627,4.037240962282493e-05
cic-ids-2017,SVM,PCA,15,0.7698945235919464,0.8127135631491923,0.42952414930181726,0.9096718643735019,0.03311741343982859,0.01643610545771811,136.34169673919678,0.023587299454678495
cic-ids-2017,DNN,Spearman,15,0.9853966416438541,0.9851172885331763,0.7266061914208604,0.998522370871136,0.0035961460651966746,0.0010430970254389942,243.24078011512756,0.0007867192678321571
cic-ids-2017,CNN,Spearman,15,0.9780463969330371,0.9775889948956301,0.6763749852234408,0.9966606516975555,0.005865901691340949,0.0015681145047830678,1123.0073630809784,0.047954287496449866
cic-ids-2017,RF,Spearman,15,0.9921145432956768,0.9912512797865193,0.6805472199395695,0.9993088373881022,0.0028715842640732597,0.0005632469074516518,3.5665283203125,4.376605962335666e-05
cic-ids-2017,SVM,Spearman,15,0.7092787919274173,0.7557313281770046,0.34052792596115933,0.9445014673758814,0.03850930539585127,0.02076580057661305,142.69686436653137,0.030730585029129075
cic-ids-2017,DNN,InfoGain,15,0.9912383814396409,0.9909228097235847,0.7002045122190935,0.9992868993674703,0.0025397506649750393,0.000625829897168502,150.07486486434937,0.0007462755834406717
cic-ids-2017,CNN,InfoGain,15,0.9446154700053323,0.9433408726722264,0.508738012659229,0.9922098143731845,0.01410163957118876,0.003956037856761979,777.4128293991089,0.047893392067766216
cic-ids-2017,RF,InfoGain,15,0.9904672797156636,0.9893576832177875,0.6920560718827057,0.9989459232730638,0.003476740826564989,0.0006809085917383091,4.0097270011901855,4.220106487096133e-05
cic-ids-2017,SVM,InfoGain,15,0.8057457980902843,0.8459483247921801,0.43586062182989543,0.935685605013943,0.014210623675425285,0.013875300136408263,152.0822467803955,0.03230219158686377
cic-ids-2017,DNN,SHAP-DNN,7,0.9587946232999586,0.9608541997702194,0.5630397226042049,0.995777895942198,0.0034440903378544626,0.002943241192860102,194.56985569000244,0.0005637909434243911
cic-ids-2017,CNN,SHAP-DNN,7,0.9448216257361642,0.9476197887551261,0.4657022142008965,0.9918090499383868,0.005045570707514002,0.003941312447416838,1158.0541789531708,0.0466240994852048
cic-ids-2017,RF,SHAP-DNN,7,0.9846750965859422,0.9818385679313988,0.5674194511047133,0.9990462539440161,0.0049408550830837275,0.0010946359581469885,2.241518259048462,3.0214623575616252e-05
cic-ids-2017,SVM,SHAP-DNN,7,0.7006024108326907,0.7524387030900359,0.1671699843606435,0.8729825310357144,0.02336295366050974,0.02138554208337923,144.84348607063293,0.03253265227474375
cic-ids-2017,DNN,LIME-DNN,13,0.9698675647656069,0.9710111424963456,0.6481380089246346,0.9964911384112788,0.004231062307759397,0.0021523168024566515,153.5056188106537,0.0008161225227124976
cic-ids-2017,CNN,LIME-DNN,13,0.9656988580161872,0.9665611514188451,0.613939392488141,0.9952808009390219,0.005661611024800071,0.0024500815702723435,1389.535846710205,0.047451662958774454
cic-ids-2017,RF,LIME-DNN,13,0.9855175599090537,0.9832448925110902,0.6162681221478921,0.9991737549620258,0.005169919442776249,0.001034460006496171,3.1269514560699463,4.835392141588243e-05
cic-ids-2017,SVM,LIME-DNN,13,0.6121834072388413,0.7087154571928981,0.20196090991737936,0.87612983761961,0.02687517798044653,0.02770118519722562,158.85402297973633,0.03968515040012409
cic-ids-2017,DNN,IG-DNN,10,0.95830302117259,0.9600349764197909,0.5952984444679856,0.9956260849746673,0.004204228508580094,0.002978355630529285,298.1403877735138,0.0008147401621071762
cic-ids-2017,CNN,IG-DNN,10,0.945616514659853,0.9472298135588714,0.5130389304326142,0.9917335044002612,0.007074185040325457,0.00388453466715336,1261.4374704360962,0.04759868503527903
cic-ids-2017,RF,IG-DNN,10,0.9861003463019825,0.9839978579373251,0.6257975050834107,0.9991308915687465,0.004362306497387968,0.0009928324070012525,2.7931456565856934,4.050214620676347e-05
cic-ids-2017,SVM,IG-DNN,10,0.2658021341082674,0.3391704453581304,0.24906981454474367,0.8344245534380484,0.05674700018843046,0.05244270470655232,146.49730277061462,0.033545916548163864
cic-ids-2017,DNN,DeepLIFT-DNN,15,0.9583188793057309,0.9564345525719595,0.40472227404950917,0.9963315063238561,0.007743125496878541,0.002977222906733505,96.24799299240112,0.0008155761430224905
cic-ids-2017,CNN,DeepLIFT-DNN,15,0.9582177837069575,0.9572652959647993,0.46564199087472286,0.9962977285648625,0.006731153643123538,0.002984444020931603,1853.8165936470032,0.048451785309419335
cic-ids-2017,RF,DeepLIFT-DNN,15,0.9905366590481552,0.9896270778121766,0.7178621942405053,0.9995967814622188,0.0033379658968670845,0.0006759529251317712,3.184504508972168,4.5220473642912343e-05
cic-ids-2017,SVM,DeepLIFT-DNN,15,0.6404644054290319,0.7362241651257133,0.18140432228111011,0.8124316612328495,0.025496332806937295,0.025681113897926294,174.51692962646484,0.04613716293478602
cic-ids-2017,DNN,SHAP-RF,14,0.9900232519877179,0.9892664708577552,0.692988851250149,0.998983685415687,0.003280536699293568,0.0007126248580201517,212.96023964881897,0.0008387611987231133
cic-ids-2017,CNN,SHAP-RF,14,0.9634251981771076,0.9625761406512922,0.5613977440062562,0.9953258182445156,0.008441905218848935,0.0026124858444923145,935.7170023918152,0.04799949694791403
cic-ids-2017,RF,SHAP-RF,14,0.9908280522446197,0.9898558488489831,0.6985878999708303,0.9989235043440695,0.0032658017921929354,0.000655139125384312,4.0525195598602295,4.153783849939098e-05
cic-ids-2017,SVM,SHAP-RF,14,0.5569455649757271,0.6395023969641267,0.31081958969927487,0.8508515917070967,0.035529250394712796,0.031646745358876634,152.84115552902222,0.03492769969571939
cic-ids-2017,DNN,LIME-RF,16,0.9721808699375388,0.9724850574100458,0.6867767249385478,0.9983834627606536,0.00440897201501766,0.00198708071874723,175.60581016540527,0.0007658305050987919
cic-ids-2017,CNN,LIME-RF,16,0.9499814658068916,0.9487465570950976,0.5353577173278694,0.992378001217352,0.012996816910412023,0.0035727524423648893,726.8368120193481,0.048015357648880326
cic-ids-2017,RF,LIME-RF,16,0.9940294128724432,0.993452456093129,0.7421536515840655,0.9994858324415183,0.001943845073097999,0.0004264705091112054,4.016196012496948,4.389590562509328e-05
cic-ids-2017,SVM,LIME-RF,16,0.451516731321597,0.5479276013764074,0.3225665282998005,0.9397608396851188,0.038226412384799915,0.03917737633417164,147.36965680122375,0.03303138196296204
cic-ids-2017,DNN,PA-SHAP-DNN,9,0.9676811246588024,0.9696198144176109,0.6009801175048877,0.99695370961553,0.0029419059444858995,0.002308491095799832,138.84250116348267,0.0008798924763094209
cic-ids-2017,CNN,PA-SHAP-DNN,9,0.9656037092173416,0.9674865780193328,0.5693196656056775,0.9964951390635545,0.003074055442340288,0.0024568779130470244,1117.1269381046295,0.047867665665766654
cic-ids-2017,RF,PA-SHAP-DNN,9,0.9901501170528453,0.98946357543316,0.7035096536174783,0.999478070636944,0.0027026236956557564,0.0007035630676539109,2.402848243713379,3.344861151289589e-05
cic-ids-2017,SVM,PA-SHAP-DNN,9,0.7789851984149796,0.8151233483219279,0.23018619318236797,0.8263042194553443,0.02224478748882328,0.015786771541787172,146.1720268726349,0.03042758864952766
cic-ids-2017,DNN,PA-LIME-DNN,11,0.9792377391852488,0.9798360529299525,0.7120140120537148,0.9985158742159467,0.0034563096107856567,0.0014830186296250882,242.8323278427124,0.0007189306305707339
cic-ids-2017,CNN,PA-LIME-DNN,11,0.9330529086789581,0.9126229223678225,0.4504585549215763,0.9789845443578007,0.02561249232409735,0.00478193509436014,620.2574648857117,0.047871699941530836
cic-ids-2017,RF,PA-LIME-DNN,11,0.9896406745256932,0.9887832510022584,0.7030134820909353,0.9984664711468234,0.003664826860499688,0.0007399518195933465,3.5790390968322754,3.940506549294787e-05
cic-ids-2017,SVM,PA-LIME-DNN,11,0.6862805343397962,0.735852253182169,0.4701776451085012,0.8997798398906061,0.02915487970393244,0.02240853326144313,140.4393229484558,0.030478198565634617
cic-ids-2017,DNN,PA-SHAP-RF,12,0.977562723872239,0.9779852801248535,0.6914793352548384,0.9986578965078855,0.0035108751288791752,0.0016026625805543606,162.6085169315338,0.0008373215986018942
cic-ids-2017,CNN,PA-SHAP-RF,12,0.9566299881262228,0.9550397038337451,0.6219437938762215,0.9950316992333209,0.011735887550346743,0.003097857990984085,1015.4289133548737,0.0477577643362579
cic-ids-2017,RF,PA-SHAP-RF,12,0.9909648286429601,0.9901007430597795,0.7124548281529031,0.9994998777246158,0.003197494280787751,0.0006453693826457087,3.7431023120880127,4.187875901426875e-05
cic-ids-2017,SVM,PA-SHAP-RF,12,0.5354974399026311,0.6293445400858031,0.2446086091150326,0.9702606054182935,0.04046484256529245,0.03317875429266921,142.46766805648804,0.031462045678566086
cic-ids-2017,DNN,PA-LIME-RF,9,0.9786172897261102,0.9791096858687243,0.7099767666916196,0.9985879284251503,0.0039051480410301487,0.0015273364481349844,205.49160861968994,0.0007346638024280357
cic-ids-2017,CNN,PA-LIME-RF,9,0.9376458204898974,0.9177191291137907,0.39624676080524673,0.9885270014179424,0.023860245495922937,0.00445386996500733,502.85844564437866,0.04757193660866941
cic-ids-2017,RF,PA-LIME-RF,9,0.9915258101028201,0.9908897772290598,0.7303600987594074,0.9993789496979045,0.0027595192678951303,0.0006052992783699878,3.413893222808838,3.673058934295603e-05
cic-ids-2017,SVM,PA-LIME-RF,9,0.775274395260004,0.82078470275809,0.43871920871615455,0.8880847539701007,0.028133817922431737,0.016051828909999715,147.05179142951965,0.03335104157485998
cic-ids-2017,DNN,PA-IG-DNN,8,0.9895098449272806,0.9890778886718791,0.7195086022735702,0.9985093528402279,0.0026689310066020278,0.0007492967909085322,131.33388352394104,0.0005698616639755593
cic-ids-2017,CNN,PA-IG-DNN,8,0.974034289248384,0.9747982948745806,0.657466168198472,0.9967526991267479,0.0049184506612936,0.0018546936251154316,836.2639183998108,0.04656231395258183
cic-ids-2017,RF,PA-IG-DNN,8,0.9894939867941396,0.9883992238311504,0.6939154209659772,0.9993285501646205,0.003931703686568195,0.0007504295147043123,2.9945836067199707,3.5612725368581414e-05
cic-ids-2017,SVM,PA-IG-DNN,8,0.7615154824936121,0.8088011146760482,0.5093828334851653,0.9477244620620332,0.023590823699991825,0.01703460839331342,128.4808793067932,0.02453786112874319
cic-ids-2017,DNN,PA-DeepLIFT-DNN,8,0.9755110778971322,0.9739775757347283,0.7029772007079877,0.9982925265388736,0.0073419403984794915,0.0017492087216334103,192.79133677482605,0.0005683048028378172
cic-ids-2017,CNN,PA-DeepLIFT-DNN,8,0.9732433648579805,0.9720256013483852,0.6815006848444872,0.9979517064547115,0.007742862245125616,0.0019111882244299638,1635.9854111671448,0.04665779893394481
cic-ids-2017,RF,PA-DeepLIFT-DNN,8,0.9918945116983466,0.9911325816720042,0.7170481193786198,0.9995250142591453,0.0024583240224512887,0.0005789634501181006,2.7771058082580566,3.36689527316231e-05
cic-ids-2017,SVM,PA-DeepLIFT-DNN,8,0.826551668771173,0.8540681022604648,0.5274036081176982,0.9580767836341075,0.015290576636283628,0.01238916651634478,133.47009229660034,0.02640043151051853
unsw-nb15,DNN,Full,77,0.8968237119294521,0.8981066562575717,0.5527770357430415,0.9877261698410934,0.011724817185326666,0.011464032007838654,53.498546838760376,0.0007428056960263108
unsw-nb15,CNN,Full,77,0.8690454805258431,0.8720673672680533,0.41744491610628875,0.9832732766261079,0.01455972425796733,0.014550502163795215,369.37871742248535,0.1816204277848495
unsw-nb15,RF,Full,77,0.8974442720666286,0.8970516690252823,0.5402266884294643,0.9882433030140174,0.011397935808249398,0.011395080881485716,0.7045328617095947,0.00014201647418297082
unsw-nb15,SVM,Full,77,0.7179554176533028,0.7237581998055295,0.28438041988711915,0.8991069723474092,0.05154075436855763,0.031338286927410794,25.129261016845703,0.03029562798716907
unsw-nb15,DNN,Chi-Squared,15,0.8930840205764677,0.8952223390098022,0.5419153417398191,0.9869610341149511,0.011705896020235747,0.011879553269281366,51.24999809265137,0.0007048888183914831
unsw-nb15,CNN,Chi-Squared,15,0.8797909692169511,0.8819554842805983,0.4667224280458126,0.9838697572348292,0.01316704600838553,0.013356558975894323,579.2452449798584,0.048186414028006344
unsw-nb15,RF,Chi-Squared,15,0.8921858414305545,0.8919106700356509,0.5131895597936164,0.9875334442395585,0.011852109110170945,0.01197935095216062,0.6136794090270996,4.805041552900981e-05
unsw-nb15,SVM,Chi-Squared,15,0.7748836449742794,0.7629618459315229,0.3367274178287886,0.9171083824759452,0.04737805677714145,0.025012928336191176,21.055544137954712,0.026536610461243736
unsw-nb15,DNN,PCA,15,0.8863231811872295,0.8895164262094823,0.526437487319629,0.985168393965725,0.01238887851908651,0.012630757645863386,62.71511769294739,0.0007803668913456486
unsw-nb15,CNN,PCA,15,0.8779946109251245,0.8806834096510356,0.4618353238574768,0.9835311815786671,0.01340452445797068,0.013556154341652832,580.656985282898,0.04703109379257556
unsw-nb15,RF,PCA,15,0.8872703519229199,0.8887634883961307,0.513732332572445,0.9851435562852907,0.01236957008744771,0.0125255164530089,0.5982458591461182,4.831614284035093e-05
unsw-nb15,SVM,PCA,15,0.818910753653956,0.794193862771852,0.2991511503626191,0.9373441879385092,0.03984402875788528,0.02012102737178266,20.860902547836304,0.026697305616115614
unsw-nb15,DNN,Spearman,15,0.8886584469666041,0.8894643876079993,0.49079723676148557,0.9861009225694156,0.012189575727973611,0.012371283670377325,71.7799744606018,0.0007579533403097971
unsw-nb15,CNN,Spearman,15,0.874908140769168,0.8736434003368014,0.39672188441054157,0.9839101827732538,0.01366763525103209,0.01389909547009245,519.2462785243988,0.0490092072899613
unsw-nb15,RF,Spearman,15,0.8847554503143626,0.8799276915316006,0.4322764029438376,0.9855337122819062,0.013032064155569739,0.012804949965070811,0.5834732055664062,4.913888462471862e-05
unsw-nb15,SVM,Spearman,15,0.7580468686208868,0.765527112510024,0.22379271926115601,0.9242812466407246,0.03027526893973139,0.026883681264345916,20.72370433807373,0.0284081334987152
unsw-nb15,DNN,InfoGain,15,0.8848534334939169,0.8881366341735782,0.5150886529054926,0.9851850895515103,0.012537713060997338,0.012794062945120347,56.56788897514343,0.0007109183767455942
unsw-nb15,CNN,InfoGain,15,0.8789581121907406,0.8809667739287864,0.4601841184315304,0.9838176014046547,0.013301157761991636,0.013449098645473268,585.0409593582153,0.04769408229274676
unsw-nb15,RF,InfoGain,15,0.8893443292234833,0.8913377943683792,0.533311356520745,0.9855933572931415,0.012191785393928144,0.012295074530724077,0.6431450843811035,4.958136028026069e-05
unsw-nb15,SVM,InfoGain,15,0.7424348820119213,0.7722459654393314,0.3080126884045299,0.9225664919226689,0.029472793754982473,0.028618346443119856,20.55163264274597,0.027147890222866844
unsw-nb15,DNN,SHAP-DNN,13,0.8932799869355761,0.8955865193341028,0.5397605594323128,0.9867385826884394,0.011655121367651802,0.011857779229380437,71.92090439796448,0.0009017828039017669
unsw-nb15,CNN,SHAP-DNN,13,0.8792847227892545,0.8817863723768332,0.4642317916543627,0.9843911938105405,0.013284427516770747,0.013412808578971721,522.3364336490631,0.04793211396756518
unsw-nb15,RF,SHAP-DNN,13,0.8922674940801829,0.8931656217149753,0.5334217661210614,0.9860504216899971,0.011833039604052612,0.011970278435535234,0.5801560878753662,4.684153190724454e-05
unsw-nb15,SVM,SHAP-DNN,13,0.8107454886911081,0.7925428564411844,0.3283816851086848,0.9346270216308399,0.04303025181300234,0.02102827903432133,20.179640769958496,0.02728610883961648
unsw-nb15,DNN,LIME-DNN,25,0.8900792030701397,0.8922705613210796,0.5358996066640992,0.9862145504718153,0.011987436830202494,0.012213421881095598,47.11154007911682,0.0008579274238578259
unsw-nb15,CNN,LIME-DNN,25,0.8805095125336817,0.8825264774697668,0.46984070155896857,0.9844370209091821,0.01308887944048207,0.01327672082959092,619.2486822605133,0.04849448272068824
unsw-nb15,RF,LIME-DNN,25,0.8937372417734956,0.8941645867064861,0.5345208054899038,0.9864082091181186,0.011681359074611809,0.011806973136278272,0.6222140789031982,5.468944568760985e-05
unsw-nb15,SVM,LIME-DNN,25,0.8275822650445007,0.8319470149069428,0.3518495108611285,0.9467347731851847,0.0205786845285374,0.01915752610616659,21.190333604812622,0.026795058995603936
unsw-nb15,DNN,IG-DNN,8,0.8820445823466971,0.8848064187189016,0.49612573768428325,0.9840785136277165,0.012897264827594226,0.01310615751703365,40.91783428192139,0.000584076221040226
unsw-nb15,CNN,IG-DNN,8,0.878664162652078,0.8814061276885556,0.4605287138020044,0.9841574925791668,0.013371993429411571,0.01348175970532466,517.4149684906006,0.0459956675069996
unsw-nb15,RF,IG-DNN,8,0.8910100432759043,0.8904527146668378,0.5115364423391047,0.9857147205706127,0.012012050306273489,0.012109995191566188,0.6063683032989502,3.702475053159458e-05
unsw-nb15,SVM,IG-DNN,8,0.8261288478811137,0.8263772465499093,0.29933889029459576,0.9395982120952368,0.02200853764201014,0.019319016902098474,19.76231575012207,0.025862132228214808
unsw-nb15,DNN,DeepLIFT-DNN,11,0.8839389238180779,0.885907822475685,0.5050559812002338,0.9845930554467694,0.012720080066781153,0.012895675131324677,41.277894496917725,0.0007049566587620137
unsw-nb15,CNN,DeepLIFT-DNN,11,0.8788111374214094,0.8814624782783993,0.4759969656171239,0.983600033731598,0.01338414082774161,0.013465429175398964,516.006959438324,0.047241819779519176
unsw-nb15,RF,DeepLIFT-DNN,11,0.8853923409814648,0.8866789170088026,0.5063390132660943,0.9847214858065976,0.012535476844049492,0.012734184335392794,0.5971429347991943,4.474075939307055e-05
unsw-nb15,SVM,DeepLIFT-DNN,11,0.805209439046297,0.7857891490467296,0.3096555347949102,0.922747728924833,0.04129717809113857,0.02164339566152255,19.313815116882324,0.02690262637056095
unsw-nb15,DNN,SHAP-RF,16,0.8885767943169756,0.8864180469190225,0.4947552600997403,0.986802625783025,0.01454055289744397,0.012380356187002712,70.52494049072266,0.0007196114932336633
unsw-nb15,CNN,SHAP-RF,16,0.8755123703764187,0.8759036640841563,0.4322304768287958,0.9843501241956584,0.013613973257193629,0.013831958847064587,574.5378863811493,0.048113710596806
unsw-nb15,RF,SHAP-RF,16,0.8885604637870499,0.8856906383921278,0.480845098406215,0.9866189433456002,0.012912142670576091,0.01238217069032779,0.6441018581390381,4.938583501061099e-05
unsw-nb15,SVM,SHAP-RF,16,0.7648403690699763,0.7811318075218352,0.26787790063341066,0.9376988305872009,0.02645709874611113,0.02612884788111374,20.51376509666443,0.027372876168871647
unsw-nb15,DNN,LIME-RF,33,0.89102637380583,0.8899003800521621,0.5462359729752715,0.9871185056578957,0.015563980806968723,0.012108180688241111,54.696818828582764,0.001087575370235659
unsw-nb15,CNN,LIME-RF,33,0.8790234343104434,0.8806314151442056,0.4624567474376332,0.9844987540177973,0.013429963279880566,0.013441840632172958,940.9233899116516,0.06181571921280819
unsw-nb15,RF,LIME-RF,33,0.8894749734628888,0.8886678389886773,0.51223281369087,0.9872560362119404,0.012105152438042796,0.012280558504123459,0.6358122825622559,0.000145514810116688
unsw-nb15,SVM,LIME-RF,33,0.8001143137094798,0.8107979347192213,0.3258962002225127,0.9414196294095332,0.022142026219761468,0.022209520698946682,21.30833339691162,0.02710528449747248
unsw-nb15,DNN,PA-SHAP-DNN,10,0.8886584469666041,0.8914316586076589,0.5191180688359711,0.9861361982882002,0.012193099455491522,0.012371283670377325,70.53641414642334,0.0009114320568137787
unsw-nb15,CNN,PA-SHAP-DNN,10,0.8666122315669144,0.8696741647299988,0.43312406250533775,0.9826552664186567,0.014498723615029333,0.014820863159231739,514.9953336715698,0.047228730990439394
unsw-nb15,RF,PA-SHAP-DNN,10,0.8876786151710623,0.8866031029498438,0.48777048048704613,0.9855906273253697,0.012328149211890639,0.012480153869881966,0.5863196849822998,4.4301304908569254e-05
unsw-nb15,SVM,PA-SHAP-DNN,10,0.7838164448436352,0.766640450589217,0.23673467595189818,0.9253618325714789,0.043760427372832214,0.02402039501737387,19.62976574897766,0.027523782657043565
unsw-nb15,DNN,PA-LIME-DNN,16,0.8715113905446231,0.8662156888696365,0.34402281917494826,0.9822941731491952,0.016536808799463974,0.014276512161708537,65.54819178581238,0.0007586876654794733
unsw-nb15,CNN,PA-LIME-DNN,16,0.8318445333551073,0.8186420279517891,0.22663006105927272,0.9686966391020218,0.022285694607592894,0.018683940738321404,160.92356514930725,0.04761936403038362
unsw-nb15,RF,PA-LIME-DNN,16,0.8895076345227403,0.8857476300836236,0.46677335809212417,0.9868498497143926,0.013597072661019838,0.012276929497473305,0.642444372177124,5.032236447841151e-05
unsw-nb15,SVM,PA-LIME-DNN,16,0.7960316812280559,0.7735788113675502,0.1815939701946961,0.9539269352413287,0.026193540108799273,0.022663146530216016,22.726802349090576,0.03961251344169192
unsw-nb15,DNN,PA-SHAP-RF,10,0.8820772434065486,0.8821628374011223,0.473440322188865,0.9852414312359423,0.012855813048498555,0.013102528510383495,52.4771773815155,0.000897691757992735
unsw-nb15,CNN,PA-SHAP-RF,10,0.8741406058626603,0.8752488908635901,0.42291974368091656,0.9841630034506864,0.013747907637835252,0.013984377126371085,485.8967776298523,0.046909830943116515
unsw-nb15,RF,PA-SHAP-RF,10,0.885114721972728,0.8834526022774624,0.48796857608130606,0.9850938344658078,0.012533444643397451,0.01276503089191911,0.5996930599212646,4.5164957738523976e-05
unsw-nb15,SVM,PA-SHAP-RF,10,0.8095860210663836,0.8057420208704782,0.2601764394108669,0.9430385167945359,0.02151348342952806,0.021157108770401823,19.626633882522583,0.027111586105990848
unsw-nb15,DNN,PA-LIME-RF,16,0.8818812770474402,0.8822454418781576,0.4611241451014959,0.9856256309516463,0.01444182759215792,0.013124302550284423,75.88391900062561,0.0011312494585344543
unsw-nb15,CNN,PA-LIME-RF,16,0.8355515636482403,0.8296864063135652,0.2751194605829007,0.9752545036091438,0.018131611458977265,0.018272048483528845,179.02323198318481,0.04767246012578738
unsw-nb15,RF,PA-LIME-RF,16,0.892528782558994,0.8902538851207646,0.5058157042764437,0.9873947718324786,0.01258066974875063,0.011941246382333995,0.610910177230835,5.037674213512227e-05
unsw-nb15,SVM,PA-LIME-RF,16,0.7518412672491223,0.7684333552646098,0.24749755372520843,0.9444872187681846,0.028478253347887617,0.027573192527875306,22.109774827957153,0.03408547449989542
unsw-nb15,DNN,PA-IG-DNN,6,0.8865354780762635,0.88869257192234,0.49605269356885084,0.985460791788817,0.012429393304588265,0.012607169102637381,61.004616498947144,0.0005763718885965564
unsw-nb15,CNN,PA-IG-DNN,6,0.8780599330448273,0.8797250370363641,0.45061260290119387,0.984056615122874,0.013459954466357246,0.013548896328352522,493.37016129493713,0.04579485480856423
unsw-nb15,RF,PA-IG-DNN,6,0.8894913039928146,0.8887145575867027,0.500928835433561,0.9853551338868398,0.012191548761908984,0.012278744000798382,0.5802199840545654,3.577645784717702e-05
unsw-nb15,SVM,PA-IG-DNN,6,0.8207071119457826,0.8286620161519583,0.33373056142547086,0.9325329761298575,0.020923260058571584,0.019921432006024153,18.83501696586609,0.024397722808828202
unsw-nb15,DNN,PA-DeepLIFT-DNN,8,0.8895402955825916,0.8926591463289161,0.5430968547777411,0.9861321957355165,0.012066187150866953,0.012273300490823149,64.9902012348175,0.0005768802743164801
unsw-nb15,CNN,PA-DeepLIFT-DNN,8,0.8790560953702947,0.8815483138762105,0.46914270896779736,0.9845673071742037,0.013334236255332444,0.013438211625522804,443.41445231437683,0.047150659805782445
unsw-nb15,RF,PA-DeepLIFT-DNN,8,0.8891483628643749,0.8890554323879019,0.5061999963860155,0.9850491958347097,0.012198503140135116,0.012316848570625006,0.5743780136108398,4.341182977811623e-05
unsw-nb15,SVM,PA-DeepLIFT-DNN,8,0.5610190250673635,0.6232149651997647,0.288580380775166,0.9357859843072667,0.048530343334679094,0.048775663881404065,19.263585805892944,0.026355994343211626
